{
  "WooCommerce": {
      "url": "http://biyalastores.com",
      "consumerKey": "ck_d1e9b06f8b1ce5951f8399757a568bb0f4b13101",
      "consumerSecret": "cs_36a43f714d1f35b53107283466f916b53c3a2c22"
  },
  "HorizonLayout": [
      { "tag": 52, "layout": 10 },
          {
            "layout": 14,
            "tag": 222
          },
          {
            "name": "Feature Products",
            "featured": true,
            "image": "",
            "layout": 6
          },
          {
            "name": "On Sale Products",
            "onSale": true,
            "image": "",
            "layout": 2
        },
          {
            "name": "HeadPhones",
            "category": 289,
            "image": "",
            "layout": 8
          },
          {
            "name": "Accessories Collections",
            "category": 275,
            "image": "",
            "layout": 1
          }
    ],
  "MainColor":"#00BCD4"
}